musicName,musicAuthor,musicOriginal,musicAlbum,playUrl,coverMediumUrl,musicId
Kulture Klub (Sped up Version),Lucy Tun,False,Kulture Klub (Sped up Version),https://sf16-ies-music-sg.tiktokcdn.com/obj/tos-alisg-ve-2774/oUAZzkEifRWdBTQmt15cjWgIDfCMFBOthBjm4M,https://p16-sg.tiktokcdn.com/aweme/200x200/tos-alisg-v-2774/oEgt5zADVFvyCBQAem0sZagALEEhfB1DEOAuzi.jpeg,7177701170365794305
Christmas,neozilla,False,Christmas,https://sf16-ies-music-sg.tiktokcdn.com/obj/tos-alisg-ve-2774/o8Ttkb4n4gcZnBCMQpKDCyBQiBJeIY2XlikeUI,https://p16-sg.tiktokcdn.com/aweme/200x200/tos-alisg-v-2774/o8gANEOsmBAh5noeCDBtCsCiFAYEQEfZitwTIK.jpeg,7288944607224023042
Run Free (Original Mix),Deep Chills,False,Run Free (feat. IVIE),https://sf16-ies-music-sg.tiktokcdn.com/obj/tos-alisg-ve-2774/e708233da0bd48aabcecee98b148107c,https://p16-sg.tiktokcdn.com/aweme/200x200/tos-alisg-v-2774/oUJ6tm2REn7jCFPAsAQEAgBO8JAOBfDutE0fZ0.jpeg,6594233508997106433
SJAYY Not Like Us FT. Kendrick Lamar,SJAYY,True,,https://v19.tiktokcdn-us.com/b598fdf24b21fa02bbf8363e27f5d71e/670eaf05/video/tos/useast5/tos-useast5-v-27dcd7-tx/oETjlQEMIDgmQINfMrFS3zcPfNzcdUCEDB6JOj/?a=1233&bti=NDU3ZjAwOg%3D%3D&ch=0&cr=0&dr=0&er=2&cd=0%7C0%7C0%7C0&br=250&bt=125&ft=GSDrKInz7Th2m8EOXq8Zmo&mime_type=audio_mpeg&qs=6&rc=NmU6M2gzaWc8Z2ZpMzZkN0BpamxyNGs5cm50cjMzZzU8NEBfMzIwXjNfNTUxLV41My4xYSNzY2VlMmQ0bW9gLS1kMS9zcw%3D%3D&vvpl=1&l=202410151204587CA043A66F338904D9AB&btag=e00088000&download=true,https://p16-pu-sign-useast8.tiktokcdn-us.com/tos-useast5-avt-0068-tx/97c5cd92634338f194187b23d58d793a~c5_720x720.jpeg?lk3s=a5d48078&nonce=77243&refresh_token=62e9c488aa6ff99464fccb4e33487055&x-expires=1729166400&x-signature=NqaiYkt8JJM%2FYxNl8mZkArJbQik%3D&shp=a5d48078&shcp=b59d6b55,7365545707853351722
Mega Francesita (Remix),DJ Dmonio,False,,https://sf16-ies-music-sg.tiktokcdn.com/obj/tos-alisg-ve-2774/274c874ce93f4905bbd17384cb30fe58,https://p16-sg.tiktokcdn.com/aweme/200x200/tos-alisg-v-2774/7c101599e21d4f388d25ae7f46f03e14.jpeg,6586528252498545409
CONCENTR888 MASHUP JOURDIN PAULINE X BUDDY X MC,PollyP,True,,https://v19.tiktokcdn-us.com/90eb72cab9658c86dbeac335daf01f9d/670eaeeb/video/tos/useast5/tos-useast5-v-27dcd7-tx/osBIgiOXBBH9XpRq5UiTweMiEBxTHEAvK4Ay8Q/?a=1233&bti=NDU3ZjAwOg%3D%3D&ch=0&cr=0&dr=0&er=2&cd=0%7C0%7C0%7C0&br=250&bt=125&ft=GSDrKInz7Th2m8EOXq8Zmo&mime_type=audio_mpeg&qs=6&rc=NTU5Omk8Nzk7NjxlZGVlZ0BpM2h3b2s5cjM0cTMzZzU8NEBjMTBjNWNgNWAxNTJfNjMzYSNeL24tMmRrcGlgLS1kMS9zcw%3D%3D&vvpl=1&l=202410151204587CA043A66F338904D9AB&btag=e00088000&download=true,https://p19-pu-sign-useast8.tiktokcdn-us.com/tos-useast5-avt-0068-tx/ea538b118075a617d7c47b5cb1fea465~c5_720x720.jpeg?lk3s=a5d48078&nonce=77139&refresh_token=29ffe9533e33e3ac9118b20635bd54ac&x-expires=1729166400&x-signature=KJ4fyICnjNyiP%2BjUExPOZJaackc%3D&shp=a5d48078&shcp=b59d6b55,7343715111485475630
Infinite,Tarik,False,Infinite,https://sf16-ies-music-sg.tiktokcdn.com/obj/tos-alisg-ve-2774/0c637537baa74297b9f3590caeca0de4,https://p16-sg.tiktokcdn.com/aweme/200x200/tos-alisg-v-2774/3cd11e934288459fa42cb753c7df0e9b.jpeg,6890912782472972290
number one,Casey Baer,False,number one,https://sf16-ies-music-sg.tiktokcdn.com/obj/tos-alisg-ve-2774/ocMtkEfDgR1BuHAFfjlZBOC7IwN6yjMPTrxutQ,https://p16-sg.tiktokcdn.com/aweme/200x200/tos-alisg-v-2774/oYvNAxZp91A0WYUA10CqLZMrbiAAYBdiEEDAv.jpeg,7288537439701911553
original sound,Music Therapy,True,,https://v19.tiktokcdn-us.com/1041822e035a219e1256d546d46d7de0/670eaf07/video/tos/useast5/tos-useast5-v-27dcd7c799-tx/oMlKkVOKSfZOBAoihyIpEnwwvhIMtALzMst9ij/?a=1233&bti=NDU3ZjAwOg%3D%3D&ch=0&cr=0&dr=0&er=2&cd=0%7C0%7C0%7C0&br=250&bt=125&ft=GSDrKInz7Th2m8EOXq8Zmo&mime_type=audio_mpeg&qs=6&rc=Ojw4PGQ2Z2Y4ZjU4Zzw5aUBpM2U4PDs6Zm5lbDMzODU8NEBfYzYyYTZgXi8xMGEtYjEwYSM0ZjE2cjRvY2pgLS1kMS1zcw%3D%3D&vvpl=1&l=202410151204587CA043A66F338904D9AB&btag=e00090000&download=true,https://p16-sign-sg.tiktokcdn.com/aweme/720x720/tos-alisg-avt-0068/f88e719e571305b790aeb52b9711f888.jpeg?lk3s=a5d48078&nonce=49156&refresh_token=88a65a7d55d24bcbe9444e93caee743a&x-expires=1729166400&x-signature=gsR1HSVOuGpGza39B6%2F5Xbb9ce4%3D&shp=a5d48078&shcp=b59d6b55,7254375198093921025
we fell in love in october,girl in red,False,we fell in love in october / forget her,https://sf16-ies-music-sg.tiktokcdn.com/obj/tos-alisg-ve-2774/7f94397055a54dfeab9fe34d07b51709,https://p16-sg.tiktokcdn.com/aweme/200x200/tos-alisg-v-2774/f8da0cc77311444bb8a9356b9d65dcca.jpeg,6711980022204205826
sail away (instrumental),lovelytheband,False,sail away (instrumental),https://sf16-ies-music-sg.tiktokcdn.com/obj/tos-alisg-ve-2774/ogtASUWBAOAhi9wAOZzzoyMlaI1sFls9UfOWXc,https://p16-sg.tiktokcdn.com/aweme/200x200/tos-alisg-v-2774/oAipkn0wECQm4gAtTBlD4VYAbEDZgAeokSBfvb.jpeg,7265020744325466113
Secret Getaway,Eazy & Slip.stream,False,Secret Getaway,https://sf16-ies-music-sg.tiktokcdn.com/obj/tos-alisg-ve-2774/owu6f7VMLID0bXA0CcLIAHGzaGFzcetwgTekgn,https://p16-sg.tiktokcdn.com/aweme/200x200/tos-alisg-v-2774/o0lCENhtCBi8rgAAsOgBfiL8iBQjfEiQZTjPyA.jpeg,7197942417050634241
Happy / Video CM / Ukulele ‚ô¨ Cooking / Family(897363),ImoKenpi-Dou,False,,https://sf16-ies-music-sg.tiktokcdn.com/obj/tos-alisg-ve-2774/2c044a1a032b4737bffb656746bc20a8,https://p16-sg.tiktokcdn.com/aweme/200x200/tos-alisg-v-2774/1819a7c02886446ba6840058073cf112.jpeg,6895792202622961666
"I See It, I Like It, I Want It",Shirley Ellis,False,The Clapping Song... And More,https://sf16-ies-music-sg.tiktokcdn.com/obj/tos-alisg-ve-2774/oEFwFqemOCvmBspdEhcZRZOBQdzfYYYYt2sgQD,https://p16-sg.tiktokcdn.com/aweme/200x200/tos-alisg-v-2774/oEameCWagQALmEImBPFfBBgnqBhAZMIFZADmti.jpeg,6927481167356626946
Made You Look,Meghan Trainor,False,Made You Look,https://sf16-ies-music-sg.tiktokcdn.com/obj/tos-alisg-ve-2774/8e0db40cdb90447dac880215a9dbed4c,https://p16-sg.tiktokcdn.com/aweme/200x200/tos-alisg-v-2774/d61e0e00c8434b90befe9f28da7cef0d.jpeg,7153075272433060650
I Think I Like When It Rains,WILLIS,False,Locals 2,https://sf16-ies-music-sg.tiktokcdn.com/obj/tos-alisg-ve-2774/oQPjlOoByA83KJaii1dPUBIGWAlJfphwRsMddq,https://p16-sg.tiktokcdn.com/aweme/200x200/tos-alisg-v-2774/oMJJgQpQGjbnHC8mAIeeFhAAgL1RANDavZszeI.jpeg,6895811481653266433
Cruel Summer,Taylor Swift,False,The More Lover Chapter,https://sf16-ies-music-sg.tiktokcdn.com/obj/tos-alisg-ve-2774/o4U21zgOfCQJ7hZedDZmTPBG8EBQFtHxb3qYR4,https://p16-sg.tiktokcdn.com/aweme/200x200/tos-alisg-v-2774/oQgCysCFG3fMfvYvAAAzEL8xalDWWfQMAQ4Qxv.jpeg,7211414788142794754
Mary Jane (All Night Long),Mary J. Blige,False,My Life,https://sf16-ies-music-sg.tiktokcdn.com/obj/tos-alisg-ve-2774/oEpXUdruYRGeh8U8FeLIA0G71fKmDILYQCekAF,https://p16-sg.tiktokcdn.com/aweme/200x200/tos-alisg-v-2774/oI3oEaAzAwAEkCsSAiSDfAVBgc1BUi0ACo4QUW.jpeg,6917763475666110465
sonido original,Cupcakes Lover,True,,https://v19.tiktokcdn-us.com/2f25501aebf1e5d51a859a599512bde7/670eaed6/video/tos/useast5/tos-useast5-v-27dcd7c799-tx/ad7ce6e172644838a87acfed73c15bf1/?a=1233&bti=NDU3ZjAwOg%3D%3D&ch=0&cr=0&dr=0&er=2&cd=0%7C0%7C0%7C0&br=250&bt=125&ft=GSDrKInz7Th2m8EOXq8Zmo&mime_type=audio_mpeg&qs=6&rc=ODhpOmloPGc4OGY3OzhkOEBpM2RlcHc7bml5djMzNTU8M0A1YjMyNTQuXzQxLjIvLS8yYSNtXl42XmRhXzNfLS1iMTZzcw%3D%3D&vvpl=1&l=202410151204587CA043A66F338904D9AB&btag=e00088000&download=true,https://p16-sign-va.tiktokcdn.com/tos-maliva-avt-0068/7326835133292642309~c5_720x720.jpeg?lk3s=a5d48078&nonce=60768&refresh_token=77c297cd77a562855bc26cb51691ce3a&x-expires=1729166400&x-signature=4mdnA9R5PDRTCXfyg9xCYp9ymuY%3D&shp=a5d48078&shcp=b59d6b55,6849400787550898949
Pretty (Sped Up),MEYY,False,Digital Gloss,https://sf16-ies-music-sg.tiktokcdn.com/obj/tos-alisg-ve-2774/oEJBiA17SWxCsZwCIMAHifl3oWI1zMBUtAJswN,https://p16-sg.tiktokcdn.com/aweme/200x200/tos-alisg-v-2774/oU85TCns7QAnBiEmCkifBBgxKvrAfYEWZABwtM.jpeg,7212600172143085570
original sound,Meagan Baker Yevtich,True,,https://v19.tiktokcdn-us.com/aaa59ee4e37c688b1cd4010f038800fa/670eaee4/video/tos/useast5/tos-useast5-v-27dcd7-tx/oEfYgf93wmNtIgEoAnGFwU6DBGJ24MJjPvSCGD/?a=1233&bti=NDU3ZjAwOg%3D%3D&ch=0&cr=0&dr=0&er=2&cd=0%7C0%7C0%7C0&br=250&bt=125&ft=GSDrKInz7Th2m8EOXq8Zmo&mime_type=audio_mpeg&qs=6&rc=aGlmaGhoZjw6ZztoaGdlaEBpM3loNHE5cnBqdTMzZzU8NEBeYDY2MmJgNjMxLjUxYmFhYSNvM2pwMmQ0NGVgLS1kMS9zcw%3D%3D&vvpl=1&l=202410151204587CA043A66F338904D9AB&btag=e00088000&download=true,https://p16-sign-va.tiktokcdn.com/tos-maliva-avt-0068/7322697850411253765~c5_720x720.jpeg?lk3s=a5d48078&nonce=30321&refresh_token=602e2853bf5755477a40a35859946499&x-expires=1729166400&x-signature=4qPgcuFvnYPMZ%2Bq%2BdXNbA0hnP7U%3D&shp=a5d48078&shcp=b59d6b55,7413773584780233514
A Bar Song (Tipsy),Shaboozey,False,A Bar Song (Tipsy),https://sf16-ies-music-sg.tiktokcdn.com/obj/tos-alisg-ve-2774/o4i1rUCTIiAYowkXAibiyAJMWOZmYj5BPagh6,https://p16-sg.tiktokcdn.com/aweme/200x200/tos-alisg-v-2774/oomgzHWwiYnhr02AP9AbiAAxUYxiAEHEAZBA7.jpeg,7354249271669344273
Pink Friday Girls,Nicki Minaj,False,Pink Friday 2,https://sf16-ies-music-sg.tiktokcdn.com/obj/tos-alisg-ve-2774/o8WbedrsK7DzB1llC3FEAfDma5FztgHYQZflgW,https://p16-sg.tiktokcdn.com/aweme/200x200/tos-alisg-v-2774/oUNS5BfLoMEAOhsBWYw9E2iigEABAzlrBlAsAV.jpeg,7310025944114022401
Halloween „Éª cute horror song(191109),PeriTune,False,,https://sf16-ies-music-sg.tiktokcdn.com/obj/tos-alisg-ve-2774/54b5373fe7fb4585a5428c41ec777534,https://p16-sg.tiktokcdn.com/aweme/200x200/tos-alisg-v-2774/96e8017c3bef4b26aceee9fdc56d0135.jpeg,6830461770998482945
original sound - Oh_Sugar_by_Madu,Oh_Sugar_by_Madu,True,,https://v19.tiktokcdn-us.com/2bd3f9ac19349cf6f7df38a8beebcc7c/670eaedf/video/tos/useast5/tos-useast5-ve-27dcd7c799-tx/oUA8ZPKFMiwlAYAszyoKHMcUBZiCW9ytW7Ixi/?a=1233&bti=NDU3ZjAwOg%3D%3D&ch=0&cr=0&dr=0&er=2&cd=0%7C0%7C0%7C0&br=250&bt=125&ft=GSDrKInz7Th2m8EOXq8Zmo&mime_type=audio_mpeg&qs=6&rc=Zjw1NmdmZmdoNjo1NWY6NkBpM3d1OHY5cjVldjMzODU8NEA0LS9fMC4wXzMxNGE1XzUtYSMyMGYyMmQ0MjNgLS1kMS1zcw%3D%3D&vvpl=1&l=202410151204587CA043A66F338904D9AB&btag=e00088000&download=true,https://p16-sign-sg.tiktokcdn.com/aweme/720x720/tos-alisg-avt-0068/b2f90c1788859c5e7bcd803ec82f1970.jpeg?lk3s=a5d48078&nonce=20174&refresh_token=0e236c151316505027401e6f78ef63db&x-expires=1729166400&x-signature=q5AgykweN%2FAhZDD4FXNUfpgtA1E%3D&shp=a5d48078&shcp=b59d6b55,7425506181009607441
original sound,DJ R-LO | The Peoples DJ,True,,https://v19.tiktokcdn-us.com/ce986c27e2a4e466b927b41d6f1462c1/670eaee7/video/tos/useast2a/tos-useast2a-v-2370-euttp/oEuV93HbIIne72BG0pNo7G6EdMRZef1egEsLyT/?a=1233&bti=NDU3ZjAwOg%3D%3D&ch=0&cr=0&dr=0&er=2&cd=0%7C0%7C0%7C0&br=250&bt=125&ft=GSDrKInz7Th2m8EOXq8Zmo&mime_type=audio_mpeg&qs=6&rc=PGRnZDRnaWc8N2RpNWU8O0Bpajp3a3c5cmR0dDMzZjU8M0AyLjQ2NWAxNjQxLzM0MzE1YSNhc2dxMmRrY3FgLS1kMWNzcw%3D%3D&vvpl=1&l=202410151204587CA043A66F338904D9AB&btag=e00088000&download=true,https://p16-sign-va.tiktokcdn.com/tos-maliva-avt-0068/2945d5c9956176717765586c5426a9c7~c5_720x720.jpeg?lk3s=a5d48078&nonce=96764&refresh_token=61e636945a1afcc39a47576b6410d05b&x-expires=1729166400&x-signature=8g5UXzQeAFCneb9MEODpjtD04CY%3D&shp=a5d48078&shcp=b59d6b55,7402694740893387552
sonido original,ALEXIS QUIXCH√ÅN MARTINEZ,True,,https://v19.tiktokcdn-us.com/f79ecc254e667c3623d21283b15f680d/670eaf25/video/tos/useast5/tos-useast5-v-27dcd7c799-tx/oA2MgQBvjjBB7e2TBb8DQHn8U0CJbOYUI2beJz/?a=1233&bti=NDU3ZjAwOg%3D%3D&ch=0&cr=0&dr=0&er=2&cd=0%7C0%7C0%7C0&br=250&bt=125&ft=GSDrKInz7Th2m8EOXq8Zmo&mime_type=audio_mpeg&qs=6&rc=ZDMzaDwzZjQ1ODNnNmllOkBpanhwdTk6ZnltaTMzNzU8M0AvYmBjLl4wNTAxNS41Yy0vYSNrcmFycjQwMDZgLS1kMTZzcw%3D%3D&vvpl=1&l=202410151204587CA043A66F338904D9AB&btag=e00090000&download=true,https://p16-sign-va.tiktokcdn.com/tos-maliva-avt-0068/907f85a8b552f456802b2c518a6cfc94~c5_720x720.jpeg?lk3s=a5d48078&nonce=43972&refresh_token=a812e3a18c3f8f35b430dc432740eaa9&x-expires=1729166400&x-signature=J88sEIQBLK%2B1cgnc3Q6%2BLAA5zdM%3D&shp=a5d48078&shcp=b59d6b55,7193147909825645318
Night/Chill/Lo-fi03(1417838),HAKUROU,False,,https://sf16-ies-music-sg.tiktokcdn.com/obj/tos-alisg-ve-2774/owhtfheQUInB7MQC3U3gbFD1kAMNZukBQDgCLB,https://p16-sg.tiktokcdn.com/aweme/200x200/tos-alisg-v-2774/501e939ffa8542a0a7e921d2cff5c560.jpeg,7223824145448159234
She Share Story (for Vlog),Â±±Âè£Â§ï‰æù,False,,https://sf16-ies-music-sg.tiktokcdn.com/obj/tos-alisg-ve-2774/25e54adf8848454ea3a40850545afd77,https://p16-sg.tiktokcdn.com/aweme/200x200/tos-alisg-v-2774/o43GTuWoiY3Vr4wAvxBciAHoURDHAEOEAZBA5.jpeg,6722656094272883458
Yummy,Justin Bieber,False,Yummy,https://sf16-ies-music-sg.tiktokcdn.com/obj/tos-alisg-ve-2774/90b12085b49446d086b2b46e9abca1b2,https://p16-sg.tiktokcdn.com/aweme/200x200/tos-alisg-v-2774/4a37b3c4e36042d4877705dd0a50de20.jpeg,6777580252097939457
original sound,Lorena Pages,True,,https://v16m.tiktokcdn-us.com/fa59e1eb208fa0b4bdef966fb375ef07/670eaedc/video/tos/useast5/tos-useast5-v-27dcd7-tx/f11e09904e124e7686d10b7caceefacf/?a=1233&bti=NDU3ZjAwOg%3D%3D&ch=0&cr=0&dr=0&er=2&cd=0%7C0%7C0%7C0&br=250&bt=125&ft=GSDrKInz7Thnm8EOXq8Zmo&mime_type=audio_mpeg&qs=6&rc=NjtlOzw7Nmg4aTY4OztmM0BpanM8czM6ZjdkNjMzNzU8M0AvMzM1MTUtNjMxYWIwM2ItYSNkYTBxcjRfNmpgLS1kMTZzcw%3D%3D&vvpl=1&l=20241015120501F89DF3E3DFDFD704DCD4&btag=e00088000&download=true,https://p19-pu-sign-useast8.tiktokcdn-us.com/tos-useast5-avt-0068-tx/7345875470337966126~c5_720x720.jpeg?lk3s=a5d48078&nonce=25071&refresh_token=74810f5b7131f62c3497a4638ff34394&x-expires=1729166400&x-signature=R9cT7SWjgpKYwSBtE3fv9njU3r8%3D&shp=a5d48078&shcp=b59d6b55,6984137943224961797
Just a Happy Day,Audiosphere,False,"Happy Kids Music: Sweet, Uplifting, Playful Instrumental Background Music",https://sf16-ies-music-sg.tiktokcdn.com/obj/tos-alisg-ve-2774/37ce0f90af6d45be90aabdf8bec6d94b,https://p16-sg.tiktokcdn.com/aweme/200x200/tos-alisg-v-2774/6efdc7a061484c1e928581c3d7aef165.jpeg,7000731228911437825
weak,sounds,True,,https://v19.tiktokcdn-us.com/ee1f03477df8436b0879ec9139d1f111/670eaef2/video/tos/useast5/tos-useast5-v-27dcd7c799-tx/oIqhIbyCnBMkevJURjDHxCIdIBJUe3zQVUJA3C/?a=1233&bti=NDU3ZjAwOg%3D%3D&ch=0&cr=0&dr=0&er=2&cd=0%7C0%7C0%7C0&br=250&bt=125&ft=GSDrKInz7Them8EOXq8Zmo&mime_type=audio_mpeg&qs=6&rc=OWk4ZjpoNjw6aDZoMzRmaUBpamw6M2Q6Zm5rajMzNzU8M0A1NDZiMV9fNmExYjQ1Yi9hYSNvNGVzcjRfb2VgLS1kMTZzcw%3D%3D&vvpl=1&l=202410151205030062B14F0B487903846F&btag=e00088000&download=true,https://p16-sign-va.tiktokcdn.com/tos-maliva-avt-0068/ba4840bf2e522cce88f867fb68ac3fe1~c5_720x720.jpeg?lk3s=a5d48078&nonce=55315&refresh_token=9d2bd477b0072194cab38e0590923ae2&x-expires=1729166400&x-signature=uuhy7xgHQQz8r%2FKaSSidO1Boh6s%3D&shp=a5d48078&shcp=b59d6b55,7215643795291163397
My Rose,Muspace Lofi,False,Floating,https://sf16-ies-music-sg.tiktokcdn.com/obj/tos-alisg-ve-2774/973b4ae3ead643b9b8a953f3853d63e1,https://p16-sg.tiktokcdn.com/aweme/200x200/tos-alisg-v-2774/0d954d56ba684186b896f2e4134e9b4b.jpeg,7142916553271412737
Babylon,Patoranking,False,WORLD BEST,https://sf16-ies-music-sg.tiktokcdn.com/obj/tos-alisg-ve-2774/owJdBVtzQIPDZaltPjZdkAPYBBMChhyjfO1fMg,https://p16-sg.tiktokcdn.com/aweme/200x200/tos-alisg-v-2774/osEAByPW5AMABwswCsEBAfhAYjzHEgAxlNpWCo.jpeg,7274873315533408258
Cake,Soft boy,False,Cake,https://sf16-ies-music-sg.tiktokcdn.com/obj/tos-alisg-ve-2774/ecc39a2886954f4e8e6c4f1ce2cfb7cc,https://p16-sg.tiktokcdn.com/aweme/200x200/tos-alisg-v-2774/631d9213bf394fe083420d76ed5974f8.jpeg,7155750216765966338
"Valentine, love, piano solo(823923)",zomap,False,,https://sf16-ies-music-sg.tiktokcdn.com/obj/tos-alisg-ve-2774/ebce6c9efa7a47db85d5d6dded51760f,https://p16-sg.tiktokcdn.com/aweme/200x200/tos-alisg-v-2774/45dce671159540e4a05c7ad4efc719c3.jpeg,6839749483425712129
original sound,Your Sweet Biz w/Chef Letty,True,,https://v19.tiktokcdn-us.com/a44ada12dea533dbaa4e7a6596f2c57b/670eaede/video/tos/useast5/tos-useast5-v-27dcd7-tx/9217a674e74c44738efc0a9831661777/?a=1233&bti=NDU3ZjAwOg%3D%3D&ch=0&cr=0&dr=0&er=2&cd=0%7C0%7C0%7C0&br=250&bt=125&ft=GSDrKInz7Them8EOXq8Zmo&mime_type=audio_mpeg&qs=6&rc=ZDVkMzc5OGc4ODtkOzY7Z0BpajdtMzc6ZmpuZDMzZzU8NEAzMDUvXzMyXzQxMy02YS5hYSNnZW5vcjRvNmVgLS1kMS9zcw%3D%3D&vvpl=1&l=202410151205030062B14F0B487903846F&btag=e00088000&download=true,https://p16-pu-sign-useast8.tiktokcdn-us.com/tos-useast5-avt-0068-tx/7353572394574807086~c5_720x720.jpeg?lk3s=a5d48078&nonce=91539&refresh_token=19fccf720506a31b9c7d827c88e4f85d&x-expires=1729166400&x-signature=6ZxPljVC%2FLcsNux%2FMajpuGULhkY%3D&shp=a5d48078&shcp=b59d6b55,7107600140440980267
Play For Keeps,Runzo,False,500 Miles,,https://p16-sign-sg.tiktokcdn.com/tos-alisg-v-2774/7100eb98f8a54545a7980f35b240d172~200x200.jpeg?lk3s=08d74b56&x-expires=1729015503&x-signature=cN%2FhcRdjNGXvj1xWPnT%2Bz%2FKYzfk%3D,6900810762244065282
original sound,keitei Shimai,True,,https://v19.tiktokcdn-us.com/f7d95d09b80ccd8eb00944529f82300d/670eaf09/video/tos/useast5/tos-useast5-v-27dcd7c799-tx/bde9ad16b3c443a68699ff9aeaa30bf0/?a=1233&bti=NDU3ZjAwOg%3D%3D&ch=0&cr=0&dr=0&er=2&cd=0%7C0%7C0%7C0&br=250&bt=125&ft=GSDrKInz7Them8EOXq8Zmo&mime_type=audio_mpeg&qs=6&rc=Omk1NmU5N2QzZjY1aDs3OkBpM287dDU6Zjo0ZzMzZjU8M0BeNTVhNC4yNTQxNV4tYS42YSMuNXNkcjRfbDNgLS1kMWNzcw%3D%3D&vvpl=1&l=202410151205030062B14F0B487903846F&btag=e00088000&download=true,https://p16-sign-sg.tiktokcdn.com/aweme/720x720/tos-alisg-avt-0068/a6539529d051e4f7290919b3e8c9acaf.jpeg?lk3s=a5d48078&nonce=55204&refresh_token=ed62c8ed4b84e3f3fbd67d00d916e277&x-expires=1729166400&x-signature=W4sJ3dDh65NPq70sqzotDCE7oQQ%3D&shp=a5d48078&shcp=b59d6b55,7155124830857055003
love song (hesitations) (sped up),Lofuu & Shiloh Dynasty & dprk,False,i miss you (hesitations deluxe),https://sf16-ies-music-sg.tiktokcdn.com/obj/tos-alisg-ve-2774/oI5esggoDonCvQBeiZB6tjIEBq5BZtd6QjUobL,https://p16-sg.tiktokcdn.com/aweme/200x200/tos-alisg-v-2774/38a4ff2ff3304f85a81944cc57c28286.jpeg,7187218359857973250
original sound - So Yummy,So Yummy,True,,https://v19.tiktokcdn-us.com/a1688142948162cf04b3f294dbf70810/670eaf0c/video/tos/useast2a/tos-useast2a-v-2370-euttp/ooLd7DfEfQCMnb6P1YBZJQCM0pQTFDUqDsIgDU/?a=1233&bti=NDU3ZjAwOg%3D%3D&ch=0&cr=0&dr=0&er=2&cd=0%7C0%7C0%7C0&br=250&bt=125&ft=GSDrKInz7Them8EOXq8Zmo&mime_type=audio_mpeg&qs=6&rc=Mzg5OWc6Zjg5NmVpZztpNkBpanc5Z3A5cnAzdjMzZjU8M0BiMGIuNTYyXjMxM2AvMy1iYSNyZDFhMmRzYDJgLS1kMWNzcw%3D%3D&vvpl=1&l=202410151205030062B14F0B487903846F&btag=e00090000&download=true,https://p16-sign-useast2a.tiktokcdn.com/tos-useast2a-avt-0068-euttp/641a000154b50a832a3233cc0277e4a3~c5_720x720.jpeg?lk3s=a5d48078&nonce=70245&refresh_token=a440a863849bc8c903972079b1fa70cd&x-expires=1729166400&x-signature=6xGD9zZ2xZOeEjrCX0RO6Bka0qo%3D&shp=a5d48078&shcp=b59d6b55,7424753873598876449
original sound - So Yummy,So Yummy,True,,https://v19.tiktokcdn-us.com/33822bd6bc51403fa82363515a376d22/670eaf0c/video/tos/useast2a/tos-useast2a-v-2370-euttp/oYGm0OAEuA0IoeLToZYdoKEecDgeeXzUqIFQSG/?a=1233&bti=NDU3ZjAwOg%3D%3D&ch=0&cr=0&dr=0&er=2&cd=0%7C0%7C0%7C0&br=250&bt=125&ft=GSDrKInz7Them8EOXq8Zmo&mime_type=audio_mpeg&qs=6&rc=ZjZkM2VmODVlZzNkNGQ5PEBpajl2dHY5cjUzdjMzZjU8M0BjYTIzYmNiX2IxNF41NmE1YSNjLWBxMmRzYTJgLS1kMWNzcw%3D%3D&vvpl=1&l=202410151205030062B14F0B487903846F&btag=e00090000&download=true,https://p16-sign-useast2a.tiktokcdn.com/tos-useast2a-avt-0068-euttp/641a000154b50a832a3233cc0277e4a3~c5_720x720.jpeg?lk3s=a5d48078&nonce=70245&refresh_token=a440a863849bc8c903972079b1fa70cd&x-expires=1729166400&x-signature=6xGD9zZ2xZOeEjrCX0RO6Bka0qo%3D&shp=a5d48078&shcp=b59d6b55,7424754105316428576
Cute,Aurel Surya Lie,False,Cute,https://sf16-ies-music-sg.tiktokcdn.com/obj/tos-alisg-ve-2774/oUAiUzmBwJrIdB0giQ2XxZcQLYMYjHWPCAzHP,https://p16-sg.tiktokcdn.com/aweme/200x200/tos-alisg-v-2774/oIGBncDsFAlL3Of5AZEwCBrtvmKIIQAfglzp5E.jpeg,7136445672676411393
"Arabian Nights (""From Aladdin"")",Just Disney,False,"Arabian Nights (From ""Aladdin"")",https://sf16-ies-music-sg.tiktokcdn.com/obj/tos-alisg-ve-2774/b771ba662bbf426ca042c378e7284ce6,https://p16-sg.tiktokcdn.com/aweme/200x200/tos-alisg-v-2774/e8700f9307774a6993f97e1b1ebdd0d5.jpeg,7140685803084056577
Emirate,Tzanca Uraganu & Manele Mentolate,False,Emirate,https://sf16-ies-music-sg.tiktokcdn.com/obj/tos-alisg-ve-2774/oQvk697DfQZAdo3QqBekCPkngOQIqBcvbDJtDc,https://p16-sg.tiktokcdn.com/aweme/200x200/tos-alisg-v-2774/33528e2ae0aa4894aafb13b27a2cdfa6.jpeg,7211126520381704194
original sound,Aish Cream,True,,https://v19.tiktokcdn-us.com/a0375217f108f61951765485be0bdf28/670eaee8/video/tos/useast5/tos-useast5-ve-27dcd7c799-tx/oEAUAsBH7RIHKi3YhnW7dYlMnCALbAGIgiRvZ/?a=1233&bti=NDU3ZjAwOg%3D%3D&ch=0&cr=0&dr=0&er=2&cd=0%7C0%7C0%7C0&br=250&bt=125&ft=GSDrKInz7Them8EOXq8Zmo&mime_type=audio_mpeg&qs=6&rc=NGU5Ozw1NzZkPGlmZjs4NUBpajpreHE5cjozcjMzODU8NEAxNjEwMTUxXl8xNGE1Yl5fYSMwYXFhMmRrLmBgLS1kMS1zcw%3D%3D&vvpl=1&l=202410151205030062B14F0B487903846F&btag=e00088000&download=true,https://p16-sign-sg.tiktokcdn.com/aweme/720x720/tos-alisg-avt-0068/1aa4326ebf3c7589be5de4a49e5aea4e.jpeg?lk3s=a5d48078&nonce=4477&refresh_token=62c54cb8abbc222e8245f23b646be68e&x-expires=1729166400&x-signature=50zBs8emwQVrnpk4GmXpxB6vfLE%3D&shp=a5d48078&shcp=b59d6b55,7356630668056546064
Í∞ÄÏùÑÏù¥ Ïò§Î©¥,ÏÑúÏòÅÏùÄ,False,Romantic 1,https://sf16-ies-music-sg.tiktokcdn.com/obj/tos-alisg-ve-2774/oAjmq1dyQDYfktrB3ektunqBtYMbQjcbgCQ89Z,https://p16-sg.tiktokcdn.com/aweme/200x200/tos-alisg-v-2774/ocyhAKmnEA0UAOzWElAOTABsAsfMtot8iwoz5h.jpeg,6980567023369603073
original sound,üá®üá¶ Dee ~ Baked by the Lake ~,True,,https://v19.tiktokcdn-us.com/26178db7765c2ef3eeab4b07953e14e0/670eaf23/video/tos/useast5/tos-useast5-ve-27dcd7c799-tx/oIo8DfphUEwJYEFwZgmQFBvkQeJgClXynByCpX/?a=1233&bti=NDU3ZjAwOg%3D%3D&ch=0&cr=0&dr=0&er=2&cd=0%7C0%7C0%7C0&br=250&bt=125&ft=GSDrKInz7Them8EOXq8Zmo&mime_type=audio_mpeg&qs=6&rc=NzloNjtmNTNnODNnZjg2aEBpanJsZ245cjszdTMzNzU8M0BfLi0yMzMtXzExLjIxNTBhYSNga3JqMmRjaG1gLS1kMTZzcw%3D%3D&vvpl=1&l=202410151205030062B14F0B487903846F&btag=e00090000&download=true,https://p16-sign-va.tiktokcdn.com/tos-maliva-avt-0068/7327910028685279237~c5_720x720.jpeg?lk3s=a5d48078&nonce=50670&refresh_token=fe5f6e01dee3344dec69d2abdba1de71&x-expires=1729166400&x-signature=W79r9%2B%2F2yp0%2Bdm444vTWdqJn1qE%3D&shp=a5d48078&shcp=b59d6b55,7418002639373273862
Mohabbatein instrumental _ vheeafifah,Vi Afifah‚ú®,True,,https://v19.tiktokcdn-us.com/50e0bbc5d7133c39a8bfdd1391ea2268/670eaef7/video/tos/useast5/tos-useast5-v-27dcd7c799-tx/cb7b9461210a42e3a5ecffe3f1705812/?a=1233&bti=NDU3ZjAwOg%3D%3D&ch=0&cr=0&dr=0&er=2&cd=0%7C0%7C0%7C0&br=250&bt=125&ft=GSDrKInz7ThKm8EOXq8Zmo&mime_type=audio_mpeg&qs=6&rc=OzY1Omc3aDg3aGk6OTw5OEBpM2pmaHhvZHc5dzMzaTU8M0AzXzMyXzY0X2AxLzRfNjAzYSNeM2dxYl4zbDZfLS1hMTRzcw%3D%3D&vvpl=1&l=202410151205083014303FCED928047951&btag=e00088000&download=true,https://p16-sign-sg.tiktokcdn.com/aweme/720x720/tos-alisg-avt-0068/e9d2eae43ea4bfe691ac189249b1244a.jpeg?lk3s=a5d48078&nonce=5791&refresh_token=b66c0204e6e818d3d6ed2194b74cf009&x-expires=1729166400&x-signature=Et6upVu1NgtIAPcqOwZOifdiqto%3D&shp=a5d48078&shcp=b59d6b55,6868671602352032514
original sound - So Yummy,So Yummy,True,,https://v19.tiktokcdn-us.com/1459c1e17a04b433aa9c4b00bb25f5f9/670eaf15/video/tos/useast2a/tos-useast2a-v-2370-euttp/ocWCfd0inIDy4yKUBrFEQXDwUCCJScqYQ6fGPg/?a=1233&bti=NDU3ZjAwOg%3D%3D&ch=0&cr=0&dr=0&er=2&cd=0%7C0%7C0%7C0&br=250&bt=125&ft=GSDrKInz7Thwm8EOXq8Zmo&mime_type=audio_mpeg&qs=6&rc=PDlpNzg1OWlpNmUzOjxlOEBpanNubG85cnYzdjMzZjU8M0A1Xl8uMS5hXzAxXjYyLmBiYSM1M2xyMmQ0XzJgLS1kMWNzcw%3D%3D&vvpl=1&l=202410151205118FAC7D435CC7F6047B3A&btag=e00090000&download=true,https://p16-sign-useast2a.tiktokcdn.com/tos-useast2a-avt-0068-euttp/641a000154b50a832a3233cc0277e4a3~c5_720x720.jpeg?lk3s=a5d48078&nonce=89960&refresh_token=c0911339a2e2e5e1ec3fe24297e2a99b&x-expires=1729166400&x-signature=6xGD9zZ2xZOeEjrCX0RO6Bka0qo%3D&shp=a5d48078&shcp=b59d6b55,7424753464581851936
ÿßŸÑÿµŸàÿ™ ÿßŸÑÿ£ÿµŸÑŸä,Œ≤‚Ñì¬µ—ï–ΩŒπÍ®Ñ,True,,https://v19.tiktokcdn-us.com/be66442b91eb2e2c5f8f56d43b6e2b9a/670eaf0d/video/tos/useast5/tos-useast5-ve-27dcd7c799-tx/oA2CMYlnRrBAo1aiS9IZ9UAJNUiRBbixvJI3E/?a=1233&bti=NDU3ZjAwOg%3D%3D&ch=0&cr=0&dr=0&er=2&cd=0%7C0%7C0%7C0&br=250&bt=125&ft=GSDrKInz7Thwm8EOXq8Zmo&mime_type=audio_mpeg&qs=6&rc=PDc4OGVkZjU5NDVnNWc5OUBpanQ3N2s5cmtpczMzODU8NEA1Xl8vLi4zX2ExMjU1MzIzYSNyZGRoMmRrXm9gLS1kMS1zcw%3D%3D&vvpl=1&l=202410151205118FAC7D435CC7F6047B3A&btag=e00088000&download=true,https://p16-sign-sg.tiktokcdn.com/aweme/720x720/tos-alisg-avt-0068/2447ad8bf6f4752de12c40511ec91c51.jpeg?lk3s=a5d48078&nonce=24992&refresh_token=3ef5190e116a1ec5f6847a03eabb8eac&x-expires=1729166400&x-signature=kN1ZYAiG6SCvva%2FnFBIX139xkhw%3D&shp=a5d48078&shcp=b59d6b55,7383358318016105232
You're the Most Beautiful,Purity pure,False,You're the Most Beautiful,https://sf16-ies-music-sg.tiktokcdn.com/obj/tos-alisg-ve-2774/o0OZ4aEDPH9ImSQetXPhxUgQDfCvFBgDuBamWY,https://p16-sg.tiktokcdn.com/aweme/200x200/tos-alisg-v-2774/osAAWIAgS0mCA1Bx8WEiBFatZBeDxgPQNIfDkK.jpeg,7379538849216628737
Cute,Aurel Surya Lie,False,Cute,https://sf16-ies-music-sg.tiktokcdn.com/obj/tos-alisg-ve-2774/oUAiUzmBwJrIdB0giQ2XxZcQLYMYjHWPCAzHP,https://p16-sg.tiktokcdn.com/aweme/200x200/tos-alisg-v-2774/oIGBncDsFAlL3Of5AZEwCBrtvmKIIQAfglzp5E.jpeg,7136445672676411393
original sound,Popculture2004,True,,,https://p19-pu-sign-useast8.tiktokcdn-us.com/tos-useast5-avt-0068-tx/7352030630210699306~c5_720x720.jpeg?lk3s=a5d48078&nonce=62646&refresh_token=0db23e91ae3305f20e41373d522afb42&x-expires=1729166400&x-signature=clyyKyQVbD5sADEqiGACSSuC3Ec%3D&shp=a5d48078&shcp=b59d6b55,7187035209907456810
New Home,Frozen Silence,False,Piano for Reels,https://sf16-ies-music-sg.tiktokcdn.com/obj/tos-alisg-ve-2774/oUmoQMMoQBnIMCFZeBrMVxKO1TtZgFfxzMwDE7,https://p16-sg.tiktokcdn.com/aweme/200x200/tos-alisg-v-2774/o0AAdSEIIBgmE0Tf4fFQdGCuGo6z2tChDBvZAs.jpeg,7060824478627940353
Candy Rain x Slow Down,OJ The DJ,True,,https://v19.tiktokcdn-us.com/e7b21433db8176c6fc9ffb8e3b8a9711/670eaf3f/video/tos/useast5/tos-useast5-v-27dcd7-tx/oUQJYgHGTQECE8GMULQpevxLAPhotIDAkfUfCD/?a=1233&bti=NDU3ZjAwOg%3D%3D&ch=0&cr=0&dr=0&er=2&cd=0%7C0%7C0%7C0&br=250&bt=125&ft=GSDrKInz7ThYm8EOXq8Zmo&mime_type=audio_mpeg&qs=6&rc=NTlkOzw3ODw7aGk2aDo1OUBpM3E3anI5cndkcjMzZzU8NEAuNS9fLS0yXjYxYTZhLjMyYSNkc2peMmRrMC9gLS1kMS9zcw%3D%3D&vvpl=1&l=20241015120514B559EC47FBA88B04874E&btag=e00090000&download=true,https://p16-pu-sign-useast8.tiktokcdn-us.com/tos-useast5-avt-0068-tx/671cd2d075a67b6d6468de4c59d8c37c~c5_720x720.jpeg?lk3s=a5d48078&nonce=66844&refresh_token=cf21de9b5087d87c3b1cdd84e795ba79&x-expires=1729166400&x-signature=hoWPk9EpPLE9BiT4kwugOxbRNNw%3D&shp=a5d48078&shcp=b59d6b55,7351178641566599982
In The Kitchen,Giulio Cercato,False,In The Kitchen,https://sf16-ies-music-sg.tiktokcdn.com/obj/tos-alisg-ve-2774/oQF2KW8ZtLj141WOIXIGf6efMpNKA5rWGAZfZm,https://p16-sg.tiktokcdn.com/aweme/200x200/tos-alisg-v-2774/o0PZITZpWyAzWYUAplDsisUrgiAAdB8iEEoAB.jpeg,7338988067112224769
She Share Story (for Vlog),Â±±Âè£Â§ï‰æù,False,,https://sf16-ies-music-sg.tiktokcdn.com/obj/tos-alisg-ve-2774/25e54adf8848454ea3a40850545afd77,https://p16-sg.tiktokcdn.com/aweme/200x200/tos-alisg-v-2774/o43GTuWoiY3Vr4wAvxBciAHoURDHAEOEAZBA5.jpeg,6722656094272883458
Taylor Swift-like refreshing country,C_O,False,,https://sf16-ies-music-sg.tiktokcdn.com/obj/tos-alisg-ve-2774/b6a56cb02cb14be88d41f881bc4d7208,https://p16-sg.tiktokcdn.com/aweme/200x200/tos-alisg-v-2774/979365a21fd846a6a9ffed856bd49858.jpeg,6817215818581936130
Heeriye x Chaleya x Tu Aake Dekhle,Zedious,False,Heeriye x Chaleya x Tu Aake Dekhle,https://sf16-ies-music-sg.tiktokcdn.com/obj/tos-alisg-ve-2774/ok8neCZv9aBe6MfRQdqADb0vg8INKYF7UDkzAQ,https://p16-sg.tiktokcdn.com/aweme/200x200/tos-alisg-v-2774/oU7RzKAFIATDa7oaDFEAxXeb0qTA0eEnA7gCe9.jpeg,7282865240117938177
original sound,feelgoodlyricz,True,,https://v16m.tiktokcdn-us.com/95ad02e6a17bc40051932dbd6dd18e18/670eaf1a/video/tos/useast2a/tos-useast2a-v-2370-euttp/oACOgeeUGGoMLFxozoIUF7QeKEeYGUAgNDTNOE/?a=1233&bti=NDU3ZjAwOg%3D%3D&ch=0&cr=0&dr=0&er=2&cd=0%7C0%7C0%7C0&br=250&bt=125&ft=GSDrKInz7ThJm8EOXq8Zmo&mime_type=audio_mpeg&qs=6&rc=ZDozaGhoNmhmPDVpOTkzZkBpM2lrc205cnA1cjMzZjU8M0BjYWIvYjEtNTUxX2E0MjJeYSMyLTY1MmRjZ15gLS1kMWNzcw%3D%3D&vvpl=1&l=20241015120510C9200EF830F8C103F25E&btag=e00090000&download=true,https://p16-sign-useast2a.tiktokcdn.com/tos-useast2a-avt-0068-euttp/50a58952751ce26b04ea840d65cf52c9~c5_720x720.jpeg?lk3s=a5d48078&nonce=79232&refresh_token=78392929d8a368f132c0f26a41d72c7c&x-expires=1729166400&x-signature=IFUO6Agnfu1wCqibC4zImoyCVPg%3D&shp=a5d48078&shcp=b59d6b55,7355550090053913376
Dreaming,Tones And I,False,Dreaming,https://sf16-ies-music-sg.tiktokcdn.com/obj/tos-alisg-ve-2774/oUFZeL8LETWhFFJf0cgQbADD3RQsCwDhaY5fzA,https://p16-sg.tiktokcdn.com/aweme/200x200/tos-alisg-v-2774/ogc7saE4yEoAWAA7SA3iXCTiE3BA6dB6bwfhbi.jpeg,7333743610527025153
Birds of a feather,‚òÖùñíùñäùñåùñÜ ùñäùñÜùñóùñôùñçùñëùñéùñìùñå‚òÖ,True,,https://v16m.tiktokcdn-us.com/e86128f048c56d548b5e6604ce5f0160/670eaf0f/video/tos/useast2a/tos-useast2a-v-2370-euttp/oodQojRIILE9GjbgYTDGeZIhmfMfImMHLGZeER/?a=1233&bti=NDU3ZjAwOg%3D%3D&ch=0&cr=0&dr=0&er=2&cd=0%7C0%7C0%7C0&br=250&bt=125&ft=GSDrKInz7ThJm8EOXq8Zmo&mime_type=audio_mpeg&qs=6&rc=NzM4Zmc7OmVnNDkzNDVpNUBpM3k7b3M5cjZtczMzZjU8M0BgLjA1MGI1NTAxMWFgY2AuYSNmZGZrMmQ0LzBgLS1kMWNzcw%3D%3D&vvpl=1&l=20241015120510C9200EF830F8C103F25E&btag=e00088000&download=true,https://p16-sign-useast2a.tiktokcdn.com/tos-useast2a-avt-0068-euttp/69fdc32a688a8eea9022e28ed00a747c~c5_720x720.jpeg?lk3s=a5d48078&nonce=39975&refresh_token=8024774289280739d3513c91bff85342&x-expires=1729166400&x-signature=Peo45Cec8XNPRNLE%2BSDgauRP3IA%3D&shp=a5d48078&shcp=b59d6b55,7369913224932363041
original sound,Baked by Nishyy,True,,https://v16m.tiktokcdn-us.com/fb2b84a13d150ac4c9e82c843c6006af/670eaee5/video/tos/useast5/tos-useast5-ve-27dcd7c799-tx/oMQ3lRBzIiBMM2AhkDioJRKrAyyQfEKOz6mUwO/?a=1233&bti=NDU3ZjAwOg%3D%3D&ch=0&cr=0&dr=0&er=2&cd=0%7C0%7C0%7C0&br=250&bt=125&ft=GSDrKInz7ThJm8EOXq8Zmo&mime_type=audio_mpeg&qs=6&rc=PGlnOzppaWg4aDhpODhlaEBpM2hlaGw5cnM3djMzODU8NEA2NF5eX2BfXzUxYjUxM2FfYSNmYmU1MmRzYDRgLS1kMS1zcw%3D%3D&vvpl=1&l=20241015120510C9200EF830F8C103F25E&btag=e00088000&download=true,https://p16-sign-sg.tiktokcdn.com/aweme/720x720/tos-alisg-avt-0068/ac8264fa8d51cc326b2f02b5e0fda7bf.jpeg?lk3s=a5d48078&nonce=27010&refresh_token=a730cc7f7f2dba295206753a95f68c65&x-expires=1729166400&x-signature=hlD2OmDU3S7DfMzpdT2ALfo0W%2Fw%3D&shp=a5d48078&shcp=b59d6b55,7425950243000175377
Happy Summer,Vin Music,False,Happy Summer,https://sf16-ies-music-sg.tiktokcdn.com/obj/tos-alisg-ve-2774/oMCA76zsQPsaiakWixBcZIMBmw2oEE2ATsfcT8,https://p16-sg.tiktokcdn.com/aweme/200x200/tos-alisg-v-2774/ooAy4rYfZnEwAQBjBtDZ80FPASxDgC3IyufAIt.jpeg,7176479677098248194
gilmore lala,<3,True,,https://v16m.tiktokcdn-us.com/4427a3d717d726d30a5f602c6a1ca879/670eaeec/video/tos/useast5/tos-useast5-v-27dcd7-tx/851eebaabd164f339a19435d2e4457ff/?a=1233&bti=NDU3ZjAwOg%3D%3D&ch=0&cr=0&dr=0&er=2&cd=0%7C0%7C0%7C0&br=250&bt=125&ft=GSDrKInz7ThJm8EOXq8Zmo&mime_type=audio_mpeg&qs=6&rc=ODhpN2dnOTo3N2g8NWVnNkBpMzg2Ojg6ZjV2NjMzNzU8M0AyMWBfMGIyXl4xMzViNl4uYSNjMmJzcjRfZm5gLS1kMTZzcw%3D%3D&vvpl=1&l=20241015120510C9200EF830F8C103F25E&btag=e00088000&download=true,https://p16-sign-va.tiktokcdn.com/tos-maliva-avt-0068/4464759e48bbb320214ada9c9fd7344f~c5_720x720.jpeg?lk3s=a5d48078&nonce=79270&refresh_token=b3c42a007e70cb2379dd7ae0ef4d9009&x-expires=1729166400&x-signature=D2MOfCAX7Js7mPMhGYUmiIwE%2FCQ%3D&shp=a5d48078&shcp=b59d6b55,6986711292526496518
original sound,Beyinternet,True,,https://v16m.tiktokcdn-us.com/2fe4998dcd2908e916d2c7ab249491d1/670eaf04/video/tos/useast5/tos-useast5-v-27dcd7-tx/oU0CM4lXCSyg0ddi03jZUUAMLQVdBTi7vcI4S/?a=1233&bti=NDU3ZjAwOg%3D%3D&ch=0&cr=0&dr=0&er=2&cd=0%7C0%7C0%7C0&br=250&bt=125&ft=GSDrKInz7ThJm8EOXq8Zmo&mime_type=audio_mpeg&qs=6&rc=ZGZoZDM0NGhoN2RmPGUzNUBpM3dkZ3U5cjVnbzMzZzU8NEBhNTUyYC01NTIxMTUzNi8uYSNeMzNuMmRrbm5gLS1kMS9zcw%3D%3D&vvpl=1&l=20241015120510C9200EF830F8C103F25E&btag=e00088000&download=true,https://p19-pu-sign-useast8.tiktokcdn-us.com/tos-useast8-avt-0068-tx2/7a3e2147ee84107aee6c1960455a74a9~c5_720x720.jpeg?lk3s=a5d48078&nonce=54665&refresh_token=a0eeee8718c5e86c70ea174651a7dc92&x-expires=1729166400&x-signature=OEUrkKSBYHWltcNuWR7vQ%2BF7xrM%3D&shp=a5d48078&shcp=b59d6b55,7310711515011255082
original sound,snookums,True,,https://v16m.tiktokcdn-us.com/57cf94cd65fc76271a806ef065433987/670eaefc/video/tos/useast5/tos-useast5-ve-27dcd7c799-tx/oAQlRAItSwliZohB2UN0kx7lMvUCOJicmax4i/?a=1233&bti=NDU3ZjAwOg%3D%3D&ch=0&cr=0&dr=0&er=2&cd=0%7C0%7C0%7C0&br=250&bt=125&ft=GSDrKInz7ThJm8EOXq8Zmo&mime_type=audio_mpeg&qs=6&rc=aDo0aTVoZmg3Ojo8ZTlnaEBpajlscGs5cjQ2djMzNzU8M0BjLV5eXjMzNl4xMi4zMi0tYSNxMmhmMmRrYTRgLS1kMTZzcw%3D%3D&vvpl=1&l=20241015120510C9200EF830F8C103F25E&btag=e00088000&download=true,https://p16-sign-va.tiktokcdn.com/tos-maliva-avt-0068/8f826a8d3d43ab018c8f59da6a4aff78~c5_720x720.jpeg?lk3s=a5d48078&nonce=23756&refresh_token=645ec279c18c8ec72e12ee9d47dbd68a&x-expires=1729166400&x-signature=phiHFxrQt81B4%2BaUTtuUAtXW2aU%3D&shp=a5d48078&shcp=b59d6b55,7425932743599098629
Love mashup 2022,DJSABZ.HITS,True,,https://v16m.tiktokcdn-us.com/3e5f81a8747fe67fa08cd0a12870aef9/670eaf29/video/tos/useast5/tos-useast5-v-27dcd7c799-tx/1c2d1481fb97430d99dc8acaaf4b9bf2/?a=1233&bti=NDU3ZjAwOg%3D%3D&ch=0&cr=0&dr=0&er=2&cd=0%7C0%7C0%7C0&br=250&bt=125&ft=GSDrKInz7ThPi8EOXq8Zmo&mime_type=audio_mpeg&qs=6&rc=ZGlmOWQ7ZTU5NzpkNGY7NEBpMzRtOWU6Zjg8OzMzNzU8M0A1NF4zXmAuX18xLWExNV81YSMyNmc2cjRnXzRgLS1kMTZzcw%3D%3D&vvpl=1&l=2024101512052662755A655C47AE05DD78&btag=e00090000&download=true,https://p16-sign-sg.tiktokcdn.com/aweme/720x720/tos-alisg-avt-0068/76ef99cc89092d812a67d2e0309a7e18.jpeg?lk3s=a5d48078&nonce=53729&refresh_token=385bc282d1b24412982a17cfc680a886&x-expires=1729166400&x-signature=3WjtGUR0kTo58oE9OabBwujbco8%3D&shp=a5d48078&shcp=b59d6b55,7065749325841763077
What You Won't Do for Love,Bobby Caldwell,False,What You Won't Do for Love,https://sf16-ies-music-sg.tiktokcdn.com/obj/tos-alisg-ve-2774/db171bdd981a49c38ee7322a3938ba2e,https://p16-sg.tiktokcdn.com/aweme/200x200/tos-alisg-v-2774/7db3bad84a804eafa06a0e20d1fefc6a.jpeg,7055205517962004482
Happy,Aleksei Guz,False,Happy,https://sf16-ies-music-sg.tiktokcdn.com/obj/tos-alisg-ve-2774/oksKUQBNkHATTwt2BJfhgSzhteCZYWYMIWNLDx,https://p16-sg.tiktokcdn.com/aweme/200x200/tos-alisg-v-2774/oQtAhACfZEANDZAg1hte00ESI8WszNVBNlZkFy.jpeg,7275047270143756324
Glitter on my eyes,üíµ,True,,https://v16m.tiktokcdn-us.com/b908fea0b1ab13edae5c6270e6da1e36/670eaef8/video/tos/useast5/tos-useast5-ve-27dcd7c799-tx/ogBhoi4EOM57Wi4KToDfvtjz2FDjAEw1ZyIPBA/?a=1233&bti=NDU3ZjAwOg%3D%3D&ch=0&cr=0&dr=0&er=2&cd=0%7C0%7C0%7C0&br=250&bt=125&ft=GSDrKInz7Thsi8EOXq8Zmo&mime_type=audio_mpeg&qs=6&rc=ZDNmNGgzaTs0Z2k3aWhkZEBpam1ucnI5cmV4cTMzODU8NEBfLS41MTJjNmAxYWNgMTRgYSNlXmFuMmRjYmBgLS1kMS1zcw%3D%3D&vvpl=1&l=20241015120527617B1CDB29805404CD9F&btag=e00088000&download=true,https://p16-sign-sg.tiktokcdn.com/aweme/720x720/tos-alisg-avt-0068/fc3bdbb800376d69bec6bcb894edac62.jpeg?lk3s=a5d48078&nonce=37510&refresh_token=6b7760fe0c7d91e340fbbe925611a18d&x-expires=1729166400&x-signature=PtZKxEgBK3NtV5EA3kaule6%2BUdc%3D&shp=a5d48078&shcp=b59d6b55,7339151247243512578
Halloween „Éª cute horror song,PeriTune,False,,https://sf16-ies-music-sg.tiktokcdn.com/obj/tos-alisg-ve-2774/5229a4507a9e4328bcbce538bfae5604,https://p16-sg.tiktokcdn.com/aweme/200x200/tos-alisg-v-2774/4ae24cc1fcdd46f2988e32aca581679d.jpeg,6817180237894256641
"Boom, Boom, Boom, Boom!!",Vengaboys,False,The Party Album!,https://sf16-ies-music-sg.tiktokcdn.com/obj/tos-alisg-ve-2774/o4Gk9gWx1ClLOZkWgIfFdlQzetE8Xb5hBtBB3M,https://p16-sg.tiktokcdn.com/aweme/200x200/tiktok-obj/image/tiktok_song_default_cover.jpeg.jpeg,6812724416208750593
original sound,Celestial.Pastriezz,True,,https://v16m.tiktokcdn-us.com/dabc5b258bcd788d9a13fa1920e83f89/670eaef2/video/tos/useast5/tos-useast5-v-27dcd7-tx/ooXanDYn5FDVgoCdQeQUBjsD4SFLJAtEBPiQfm/?a=1233&bti=NDU3ZjAwOg%3D%3D&ch=0&cr=0&dr=0&er=2&cd=0%7C0%7C0%7C0&br=250&bt=125&ft=GSDrKInz7Thsi8EOXq8Zmo&mime_type=audio_mpeg&qs=6&rc=NGVmaTM3MzdkPDZnNWUzOkBpM3BqOG05cnF0djMzZzU8NEBjMDZfLTQuNjQxYWNhYGM0YSNyaWZoMmRjcC1gLS1kMS9zcw%3D%3D&vvpl=1&l=20241015120527617B1CDB29805404CD9F&btag=e00088000&download=true,https://p19-pu-sign-useast8.tiktokcdn-us.com/tos-useast5-avt-0068-tx/5ee1c9c3e19fcacb58254809e4b62d60~c5_720x720.jpeg?lk3s=a5d48078&nonce=82880&refresh_token=779ea6c3ddf5f13592c38487a4cdaf29&x-expires=1729166400&x-signature=ysI6IwoNqYblFCUCOnXUsbK9qoM%3D&shp=a5d48078&shcp=b59d6b55,7422405331982109486
Espresso,Sabrina Carpenter,False,Espresso,https://sf16-ies-music-sg.tiktokcdn.com/obj/tos-alisg-ve-2774/oMpGBf2aWiooMLdSvOzwiAB0ImsjBhk3IAl1FN,https://p16-sg.tiktokcdn.com/aweme/200x200/tos-alisg-v-2774/ogBn0SfqAhBjziAWEC0ABQodiGEAdEbwsEAAHb.jpeg,7364498342501435408
Cena Engra√ßada e Inusitada,HarmonicoHCO,False,Cena Engra√ßada e Inusitada,https://sf16-ies-music-sg.tiktokcdn.com/obj/tos-alisg-ve-2774/oUYQAYBOAKfOG87kmLeqgcGFNrHLOI1sfEehdP,https://p16-sg.tiktokcdn.com/aweme/200x200/tos-alisg-v-2774/oA4oQFDnZtBd2IAnoPEICPBCBAZgelAFBnfMdA.jpeg,7180363119678457857
Lover,Taylor Swift,False,The More Lover Chapter,https://sf16-ies-music-sg.tiktokcdn.com/obj/tos-alisg-ve-2774/oszCDLDcdkpeR4dkHMDVFeg2g8QaYqbKGveqIA,https://p16-sg.tiktokcdn.com/aweme/200x200/tos-alisg-v-2774/oQgCysCFG3fMfvYvAAAzEL8xalDWWfQMAQ4Qxv.jpeg,7211414788360898561
Dj Joget Keju,Safa AJL,False,Joget Keju,https://sf16-ies-music-sg.tiktokcdn.com/obj/tos-alisg-ve-2774/feba5b9a64bc40278d95710aa7d41ea9,https://p16-sg.tiktokcdn.com/aweme/200x200/tos-alisg-v-2774/afb47d9fe8df4676bcc4afae835c95c6.jpeg,7096733031595821058
Flintstone,Hood Ken,False,Flintstone,,https://p16-sign-sg.tiktokcdn.com/tos-alisg-v-2774/o0AIgE5AZiBImCyffAsXC8K9QL9DtBFkQbQBV0~200x200.jpeg?lk3s=08d74b56&x-expires=1729015528&x-signature=wbTnVUBAGcAcClHcrqJ3qfTDA%2FQ%3D,7273417588704675841
Caraluna,Bacilos,False,Caraluna,https://sf16-ies-music-sg.tiktokcdn.com/obj/tos-alisg-ve-2774/d2daf929845f48cf8ba89177b107f0f5,https://p16-sg.tiktokcdn.com/aweme/200x200/tos-alisg-v-2774/e1cb1046bdc9485195c8a80f2873935e.jpeg,7040251771482065670
original sound,Matilda Bake,True,,https://v16m.tiktokcdn-us.com/6d176e234d33197d6c228c98db13a2a1/670eaef1/video/tos/useast2a/tos-useast2a-v-2370-euttp/o8FHdRvNeEA3G0QCEj8bbTsEeK5fMoUWoBfgID/?a=1233&bti=NDU3ZjAwOg%3D%3D&ch=0&cr=0&dr=0&er=2&cd=0%7C0%7C0%7C0&br=250&bt=125&ft=GSDrKInz7Thsi8EOXq8Zmo&mime_type=audio_mpeg&qs=6&rc=Njc1NzdnODpmNTo5aDM4OEBpanQ8aWs5cm51dTMzZjU8M0AwNjAwMjReXi0xNDNgNjEwYSNja2VkMmQ0MHBgLS1kMWNzcw%3D%3D&vvpl=1&l=20241015120527617B1CDB29805404CD9F&btag=e00088000&download=true,https://p16-sign-useast2a.tiktokcdn.com/tos-useast2a-avt-0068-euttp/f2b887241f087e94aa5b21f0fd70b1c8~c5_720x720.jpeg?lk3s=a5d48078&nonce=8818&refresh_token=e3d82ae60f5315b4841e64f00a8df668&x-expires=1729166400&x-signature=nKt9pt95c96QBI2LqnQGtWxqgxs%3D&shp=a5d48078&shcp=b59d6b55,7420157338164579104
"Alone, Pt. II",Alan Walker & Ava Max,False,"Alone, Pt. II",https://sf16-ies-music-sg.tiktokcdn.com/obj/tos-alisg-ve-2774/0414ce74592b4b91bf5fe13c4ae3d909,https://p16-sg.tiktokcdn.com/aweme/200x200/tos-alisg-v-2774/8003d25860a84417ae4c0567c05fdba0.jpeg,6769227660502501377
Í∞ÄÏùÑÎ∞îÎûå,BGM President,False,,https://sf16-ies-music-sg.tiktokcdn.com/obj/tos-alisg-ve-2774/4948568844e74c33a0c20c8b4c49fe54,https://p16-sg.tiktokcdn.com/aweme/200x200/tos-alisg-v-2774/83b241d4cd7c4ee1992b18f4855c89ea.jpeg,6968750806661072897
original sound,snookums,True,,https://v16m.tiktokcdn-us.com/41c46f1765c8f168f4f2ef842882da5c/670eaef8/video/tos/useast5/tos-useast5-ve-27dcd7c799-tx/o0CxzEhSZCWwJU3kADlZiC0MCEBivwAOZmQ4I/?a=1233&bti=NDU3ZjAwOg%3D%3D&ch=0&cr=0&dr=0&er=2&cd=0%7C0%7C0%7C0&br=250&bt=125&ft=GSDrKInz7Thsi8EOXq8Zmo&mime_type=audio_mpeg&qs=6&rc=ZGY2OjtoOjQ3OGdoPDk0ZUBpM3M8dms5cjY1djMzNzU8M0BhMzAtNl5hNS0xLTMxNWI0YSMtYC1vMmRrYDRgLS1kMTZzcw%3D%3D&vvpl=1&l=20241015120527617B1CDB29805404CD9F&btag=e00088000&download=true,https://p16-sign-va.tiktokcdn.com/tos-maliva-avt-0068/8f826a8d3d43ab018c8f59da6a4aff78~c5_720x720.jpeg?lk3s=a5d48078&nonce=82144&refresh_token=c1973e27b6328ecb453c283a328c4e20&x-expires=1729166400&x-signature=phiHFxrQt81B4%2BaUTtuUAtXW2aU%3D&shp=a5d48078&shcp=b59d6b55,7425914636416338693
Ae Mere Humsafar,chaandanee,True,,https://v16m.tiktokcdn-us.com/befb3a69b1944cd453a9cb4f4962b2e9/670eaefa/video/tos/useast5/tos-useast5-ve-27dcd7c799-tx/oECJLEDgW9FfMlJxUEF5w5QQnbCQ8BIdfBJluY/?a=1233&bti=NDU3ZjAwOg%3D%3D&ch=0&cr=0&dr=0&er=2&cd=0%7C0%7C0%7C0&br=250&bt=125&ft=GSDrKInz7Thsi8EOXq8Zmo&mime_type=audio_mpeg&qs=6&rc=Zjg4NzRnOWc5PDc7Zzw6ZEBpamhwbjU6ZnhobjMzNzU8M0AyYjYzYDMvXjUxYl9eLS5eYSNkczVscjRfLzZgLS1kMTZzcw%3D%3D&vvpl=1&l=20241015120527617B1CDB29805404CD9F&btag=e00088000&download=true,https://p16-sign-va.tiktokcdn.com/tos-maliva-avt-0068/d61c685e8774dc39faa366f527b7dfd6~c5_720x720.jpeg?lk3s=a5d48078&nonce=84947&refresh_token=71d0d240fd772a629cf537e6e66ddc61&x-expires=1729166400&x-signature=ckoxuL0Sotw7dnN8mR94wvgzNfs%3D&shp=a5d48078&shcp=b59d6b55,7283131449296734981
ÿ≥ÿ®ÿ≠ÿßŸÜ ÿßŸÑŸÑŸá,Ali Dawud,False,ÿ≥ÿ®ÿ≠ÿßŸÜ ÿßŸÑŸÑŸá,https://sf16-ies-music-sg.tiktokcdn.com/obj/tos-alisg-ve-2774/5f1db07a4e2c47d0a0a0463e93523a7a,https://p16-sg.tiktokcdn.com/aweme/200x200/tos-alisg-v-2774/d64301abe8404906be2e7f13bf71b42d.jpeg,6886825095185041409
Dream A Little Dream Of Me,The Mamas & The Papas,False,Mama's Big Ones,https://sf16-ies-music-sg.tiktokcdn.com/obj/tos-alisg-ve-2774/o8GPMUdig2sVOMsI3AizBDnBwvo41Aapf4ZWz4,https://p16-sg.tiktokcdn.com/aweme/200x200/tos-alisg-v-2774/oQMPAQfQMdMoDFHfAQ8RK4AAWXu3AbG1fIImSe.jpeg,6751060089999722497
UNLIMITED SOUL Crazy Business,unlimitedsoul_sa,True,,https://v16m.tiktokcdn-us.com/e3f52edb8dd7e0657bc2678b1c53803c/670eaf05/video/tos/useast5/tos-useast5-ve-27dcd7c799-tx/oQOeQkED7ofFEjKONbGuQsyYePFkTmJXKeEqJA/?a=1233&bti=NDU3ZjAwOg%3D%3D&ch=0&cr=0&dr=0&er=2&cd=0%7C0%7C0%7C0&br=250&bt=125&ft=GSDrKInz7Thsi8EOXq8Zmo&mime_type=audio_mpeg&qs=6&rc=ODloZjc6aTtnOGUzZTdlZUBpanBuNWs5cnFrdTMzNzU8M0BjMjQvMmAvXjExMS0xNTBeYSNgMWBuMmRra19gLS1kMTZzcw%3D%3D&vvpl=1&l=20241015120527617B1CDB29805404CD9F&btag=e00088000&download=true,https://p16-sign-va.tiktokcdn.com/tos-maliva-avt-0068/2608ee70551e8b319d6571db2ad0c77e~c5_720x720.jpeg?lk3s=a5d48078&nonce=5822&refresh_token=3ad0b0b92314ba1f80d344399558fb99&x-expires=1729166400&x-signature=hd1i0teC4LviuW2%2FOpucbI1cK2A%3D&shp=a5d48078&shcp=b59d6b55,7410422336519817990
bounce (i just wanna dance),—Ñ—Ä–æ–∑–∏ & joyful,False,bounce,https://sf16-ies-music-sg.tiktokcdn.com/obj/tos-alisg-ve-2774/owMLkPoixF36XzLXAQFIGegDHfZnrgfEDaCUbY,https://p16-sg.tiktokcdn.com/aweme/200x200/tos-alisg-v-2774/o0XzA6UAiqdiZC8B5wDEXBDAsjbkBAA4WfVE6o.jpeg,7239111762301306881
Ribbons,Lila Ravelle,False,Fairy Songs,https://sf16-ies-music-sg.tiktokcdn.com/obj/tos-alisg-ve-2774/o47PZ9W6kQQrtTBDrB5eSvbDYvndxgCr6gbBea,https://p16-sg.tiktokcdn.com/aweme/200x200/tos-alisg-v-2774/oQAiYHArioA7ZvBEH5vAsvBAWYWEimtrxU1xq.jpeg,7271016104533248002
Cupcake,Ambient Groove,False,Pacify Back,https://sf16-ies-music-sg.tiktokcdn.com/obj/tos-alisg-ve-2774/oUM57BZgUYAd3ioF8izd04BIzWF2vrU5mAKNM,https://p16-sg.tiktokcdn.com/aweme/200x200/tos-alisg-v-2774/oQzAEFmWBBiMSwAA4MGAfi34mAoY5EQIspAK6A.jpeg,7351337842231068673
In the Mood,Glenn Miller,False,The Legend of Jazz,https://sf16-ies-music-sg.tiktokcdn.com/obj/tos-alisg-ve-2774/95aaf6db0ccb44a1be97a598c54a6e1c,https://p16-sg.tiktokcdn.com/aweme/200x200/tos-alisg-v-2774/d4455d888334449aa2d6ef60893b1537.jpeg,6736016676434757633
Vibes,ZHRMusic,False,Vibes,https://sf16-ies-music-sg.tiktokcdn.com/obj/tos-alisg-ve-2774/oEviZQAYB6iOrWNFCKWIMaisARu5gTBJVxkU0,https://p16-sg.tiktokcdn.com/aweme/200x200/tos-alisg-v-2774/oseds8fVMAKIAsAe2sGjA0IusIAuLfMsfLurEz.jpeg,7013588396048943105
The Cupcake Song,Chilled Nursery Rhymes,False,Night Time Nursery Rhymes,https://sf16-ies-music-sg.tiktokcdn.com/obj/tos-alisg-ve-2774/9c748b8796e44e90965a07eec8cc97cf,https://p16-sg.tiktokcdn.com/aweme/200x200/tos-alisg-v-2774/725d84c3da1c41e2ab683969995df9ab.jpeg,6911354198047066114
‡∏û‡∏µ‡πà‡∏ä‡∏≠‡∏ö‡∏´‡∏ô‡∏π‡∏ó‡∏µ‡πà‡∏™‡∏∏‡∏î‡πÄ‡∏•‡∏¢ (Speed Up),PONCHET,False,‡∏û‡∏µ‡πà‡∏ä‡∏≠‡∏ö‡∏´‡∏ô‡∏π‡∏ó‡∏µ‡πà‡∏™‡∏∏‡∏î‡πÄ‡∏•‡∏¢,https://sf16-ies-music-sg.tiktokcdn.com/obj/tos-alisg-ve-2774/oYIxjZBmdlVkEFy2eAuDTgKtQcBfC0XLpMK8EZ,https://p16-sg.tiktokcdn.com/aweme/200x200/tos-alisg-v-2774/osV2pFBZQDmClitEkgApCbSeEfQsswBEl9EAZA.jpeg,7296136277207730178
sonido original,lomassabrosodelavida,True,,https://v19.tiktokcdn-us.com/9e0aab9877b8192caf0f16d3bde72064/670eaf1b/video/tos/useast5/tos-useast5-ve-27dcd7c799-tx/oUa0IcFOkHSfkeJNCJDEMMGtT2Og6Cwoy9Eif8/?a=1233&bti=NDU3ZjAwOg%3D%3D&ch=0&cr=0&dr=0&er=2&cd=0%7C0%7C0%7C0&br=250&bt=125&ft=GSDrKInz7Th~i8EOXq8Zmo&mime_type=audio_mpeg&qs=6&rc=Ozg4ZjtmODQzOTY0PDM1Z0BpM3g4anA5cjp4djMzNzU8M0A1Yi42NS82Xy0xNTMuNF41YSNiaHJxMmRzZzNgLS1kMTZzcw%3D%3D&vvpl=1&l=20241015120537DB2D77785E411D04D029&btag=e00088000&download=true,https://p16-sign-va.tiktokcdn.com/tos-maliva-avt-0068/0b5f805e258b53c853532f4011368ff4~c5_720x720.jpeg?lk3s=a5d48078&nonce=98770&refresh_token=4469a4f4cea8da4fa9523717e70d9592&x-expires=1729166400&x-signature=z0qq39POfJfT4k5hjq8%2FQzoup18%3D&shp=a5d48078&shcp=b59d6b55,7425848195066170117
The Cupcake Song,Chilled Nursery Rhymes,False,Night Time Nursery Rhymes,https://sf16-ies-music-sg.tiktokcdn.com/obj/tos-alisg-ve-2774/9c748b8796e44e90965a07eec8cc97cf,https://p16-sg.tiktokcdn.com/aweme/200x200/tos-alisg-v-2774/725d84c3da1c41e2ab683969995df9ab.jpeg,6911354198047066114
original sound,zindigamadina,True,,https://v16m.tiktokcdn-us.com/f63faeb032cfa9b863409e121da266a2/670eaf44/video/tos/useast5/tos-useast5-v-27dcd7c799-tx/1bf1d940ebc24fe38bbf835a63b98adc/?a=1233&bti=NDU3ZjAwOg%3D%3D&ch=0&cr=0&dr=0&er=2&cd=0%7C0%7C0%7C0&br=250&bt=125&ft=GSDrKInz7Thci8EOXq8Zmo&mime_type=audio_mpeg&qs=6&rc=ZzlpaGg3ZWg7OjxnNjpnN0BpM3FxdzY6Zms3ZDMzODU8NEBgMmAxYS9jNjQxNWIzXzViYSNsL2htcjRvbWFgLS1kMS1zcw%3D%3D&vvpl=1&l=2024101512053218C79681C76DF9046A1D&btag=e00090000&download=true,https://p16-sign-sg.tiktokcdn.com/aweme/720x720/tos-alisg-avt-0068/31b0100a3186b563620363bd6d69c888.jpeg?lk3s=a5d48078&nonce=96965&refresh_token=4d4aea984a65812dc896b921402ef571&x-expires=1729166400&x-signature=Y999Qpa5EbTHivBx7uhkdu%2FxwzA%3D&shp=a5d48078&shcp=b59d6b55,7105075776139741954
