Video URL,Description & Hashtags,Video Count,Username
https://www.tiktok.com/@piazza.lima/video/7292926365714763013,"Come todo esto por un solo pago! Barra libre de hamburguesas, piazzas, alitas, pasta, waffles y crepes! Solo en Piazza Miraflores.#barralibre#miraflores#miraflores_lima_peru#hambuerguesa",1.4M,piazza.lima
https://www.tiktok.com/@lifood.pe/video/7389358829852577030,"ğŸ¥¢Barra libre de makis en @@Ache sushi wok nikkeiğŸ˜®â€ğŸ’¨ ğŸ’¸S/69 Lunes, martes y miÃ©rcoles  De 12pm a 2:30pm y de 7pm a 9:30pm ğŸ“Av. La Paz 1055, Miraflores.  *Recuerda que todos tenemos gustos diferentes.#makis#barralibre#foodblogger#foodieperu",19.4K,lifood.pe
https://www.tiktok.com/@antojaddos/video/7367146416986180870,"Sorteamos 4 BARRAS LIBRES DE COMIDA ILIMITADA ğŸ˜±ğŸ¥³  Â¡Antojaddos! Les traemos el dato de una barra libre que asegura ser la mÃ¡s completa de TODO EL PERÃš ğŸ‡µğŸ‡ªğŸ˜‹, tienen 9 categorÃ­as entre comidas y bebidas a escoger y lo mÃ¡s nuevo son sus opciones de pasta con Lasagna y Mac&Cheese ğŸ§€, Â¡Estaban buenÃ­simas! ğŸ¤© ğŸ“Calle BerlÃ­n 513, Miraflores  ğŸ•¦ Lunes a SÃ¡bado de 1 a 11:45 pm  ğŸ’µ Barra premium: S/65 (La del video) ğŸ’µ Barra clÃ¡sica: S/55 Pero como queremos que varios de ustedes la prueben, estamos sorteando 4 barras libres para 2 parejas ğŸ˜‰  Â¿CÃ³mo participar?  ğŸ‘‰ğŸ» Ve a nuestro Ig y sigue a Antojaddos @antojaddos  ğŸ‘‰ğŸ» Sigue a Salchistreet@lasalchistreet.peğŸ‘‰ğŸ» Etiqueta a tu dupla con quiÃ©n irÃ­as a probar la barra libre  Â¡Mucha suerte Antojaddos! El sorteo se realizarÃ¡ el Domingo 19 ğŸ¥³#antojaddos#barralibre#foodies#buffet#allyoucaneat#miraflores#foodiesperu#lasagna#macandcheese",700.8K,antojaddos
https://www.tiktok.com/@ramiroarribasplata/video/7382245070944095494,"BARRA LIBRE DE MAKIS Y ALITAS A S/29.90 ğŸ’¸ğŸ˜± A unas cuadras del centro de Lima se encuentra@Ceviche Expressque ofrece diferentes opciones de barra libre!  ğŸ“EstÃ¡ ubicado en Jr Ica 136, Centro de Lima. A unas cuadras de la plaza de armas.  ğŸ•£ La barra libre estÃ¡ disponible todos los dÃ­as de 6 a 9pm!!. âœ… Barra libre TikTok makis y alitas S/29.90 âœ… Barra libre de alitas con papas S/35 , sin papas S/45 âœ… Combo para 2 S/50  âœ… Barco de makis S/45  Las alitas aquÃ­ son bien grandes y tienen que probar las acevichadas 10/10. Los makis con sabores marinos fueron mis favoritos. ğŸ™ŒğŸ»  Comparte y etiqueta con quien vendrÃ­as ğŸ¤­  . . .#barralibre#barralibredealitas#centrodelima#plazadearmaslima#planes#pareja#saliracomer#makis#alitasacevichadas",824.1K,ramiroarribasplata
https://www.tiktok.com/@charapawings/video/7380153665006488838,Â¡Ya lo sabes Ã±aÃ±ito!ğŸ¤¤ğŸ¤©#pucallpaperÃºğŸŒ´ğŸ¦œğŸğŸ¢ğŸ¦¥#alitas#happyhour#fastfood#barralibre#tiktok#flyp,28.9K,charapawings
https://www.tiktok.com/@cometesta.pe/video/7285942688296324358,Respuesta a@Dearest0510BARRA LIBRE DE BEBIDAS ğŸ¹#arequipa#allyoucandrink#foodies#barralibre,388.5K,cometesta.pe
https://www.tiktok.com/@soltandomispoints/video/7333583220325338374,"La barra libre de tragos de â€œLa Salchiâ€ estÃ¡ dando la hora ğŸ”¥ğŸ¹ â¡ï¸ Precio: S/ 65.00 soles por persona. *Incluye cÃ³cteles clÃ¡sicos, premiums, postres y piqueos. *Puedes repetir de forma ilimitada, una vez que hayas acabado. *Se recomienda hacer reserva. ğŸ” En su carta tambiÃ©n puedes encontrar hamburguesas, pizzas, alitas y mÃ¡s. . . .#miraflores#lima#peru#allyoucandrink#allyoucaneat#barralibre#trago#bar#cocktails#datos#recomiendo#amigos#friends#planes#viral#fyp#lugares#parati#foryou#xyzbca#foodie#foodieperu#blogger#foodblogger#hambre#comida#tesueltoelpoint",8051,soltandomispoints
https://www.tiktok.com/@cuponidadperu/video/7369270513434201350,"Barra libre de comida mexicana+agua de Jamaica ilimitada a S/44.90 en El Mexicano. Tacos, nachos, enchiladas, quesadillas, burritos y mucho mÃ¡s.  Esta promo la encuentras en cuponidad.pe y es vÃ¡lida de Lunes a Viernes (no feriados).#cuponidadperu#elmexicano#tacos#mexicano#barralibre#allyoucaneat#ilimitado#comidamexicana#enchiladas#nachos#comida#foodvlog#foodlover#dondecomerlima#limaperu#promo",48.3K,cuponidadperu
https://www.tiktok.com/@inkirestobar/video/7384527114072083718,"Â¡AHORA TU BARRA DE ALITAS A SOLO S/30! ğŸ—ğŸ¤¤ Ven y disfruta de un almuerzo crujiente con mÃ¡s de 25 sabores de alitas a elegir ğŸ‘ŒğŸ½ âœ… Promo disponible de 1pm a 4pm  âœ… VÃ¡lido solo de Lunes a Viernes âœ… Disponible solo para consumo en local âœ… EstÃ¡ promociÃ³n no es aplicable para reservas âœ… Solo disponible mostrando el post en salÃ³n  ğŸ”´ Promo disponible hasta el 31 de Julio â­ï¸ Horario de atencion: â° Lunes a SÃ¡bado de 1pm a 10pm â° Domingo de 1pm a 6pm  . en: ğŸ“ Av. Petit Thouars 2465, Lince .#limaperu#allyoucaneat#alitas#barralibre#lince#barralibredealitas#ilimitado#inkirestobar",49.2K,inkirestobar
